{"timestamp": "2025-10-18T11:28:49.788932", "user_id": "admin", "action": "authentication.user_login", "description": "User Administrator logged into the system", "error": "DB_ERROR: You did not supply a value for binding parameter :error_type."}
{"timestamp": "2025-10-18T11:28:53.382859", "user_id": "admin", "action": "navigation.page_access", "description": "Navigated to bank page", "error": "DB_ERROR: You did not supply a value for binding parameter :error_type."}
{"timestamp": "2025-10-18T14:01:44.774989", "user_id": "admin", "action": "authentication.user_login", "description": "User Administrator logged into the system", "error": "DB_ERROR: You did not supply a value for binding parameter :error_type."}
{"timestamp": "2025-10-18T14:02:30.399373", "user_id": "admin", "action": "navigation.page_access", "description": "Navigated to facture page", "error": "DB_ERROR: You did not supply a value for binding parameter :error_type."}
{"timestamp": "2025-10-18T14:05:41.050881", "user_id": "admin", "action": "navigation.page_access", "description": "Navigated to facture page", "error": "DB_ERROR: You did not supply a value for binding parameter :error_type."}
{"timestamp": "2025-10-19T13:23:16.362177", "user_id": "admin", "action": "authentication.user_login", "description": "User Administrator logged into the system", "error": "DB_ERROR: You did not supply a value for binding parameter :error_type."}
{"timestamp": "2025-10-19T13:23:18.428720", "user_id": "admin", "action": "navigation.page_access", "description": "Navigated to facture page", "error": "DB_ERROR: You did not supply a value for binding parameter :error_type."}
{"timestamp": "2025-10-19T13:35:53.689418", "user_id": "admin", "action": "navigation.page_access", "description": "Navigated to calculator page", "error": "DB_ERROR: You did not supply a value for binding parameter :error_type."}
{"timestamp": "2025-10-19T13:35:56.986604", "user_id": "admin", "action": "navigation.page_access", "description": "Navigated to loyer page", "error": "DB_ERROR: You did not supply a value for binding parameter :error_type."}
{"timestamp": "2025-10-19T13:36:00.896152", "user_id": "admin", "action": "navigation.page_access", "description": "Navigated to vente page", "error": "DB_ERROR: You did not supply a value for binding parameter :error_type."}
{"timestamp": "2025-10-19T13:36:13.437629", "user_id": "admin", "action": "navigation.page_access", "description": "Navigated to achat page", "error": "DB_ERROR: You did not supply a value for binding parameter :error_type."}
{"timestamp": "2025-10-19T13:42:21.351356", "user_id": "admin", "action": "navigation.page_access", "description": "Navigated to achat page", "error": "DB_ERROR: You did not supply a value for binding parameter :error_type."}
{"timestamp": "2025-10-19T15:36:57.470457", "user_id": "admin", "action": "authentication.user_login", "description": "User Administrator logged into the system", "error": "DB_ERROR: You did not supply a value for binding parameter :error_type."}
{"timestamp": "2025-10-19T15:36:59.816629", "user_id": "admin", "action": "navigation.page_access", "description": "Navigated to achat page", "error": "DB_ERROR: You did not supply a value for binding parameter :error_type."}
{"timestamp": "2025-10-19T15:37:45.160909", "user_id": "admin", "action": "navigation.page_access", "description": "Navigated to sync page", "error": "DB_ERROR: You did not supply a value for binding parameter :error_type."}
{"timestamp": "2025-10-19T15:38:04.231367", "user_id": "admin", "action": "navigation.page_access", "description": "Navigated to achat page", "error": "DB_ERROR: You did not supply a value for binding parameter :error_type."}
{"timestamp": "2025-10-19T15:41:11.320802", "user_id": "admin", "action": "authentication.user_login", "description": "User Administrator logged into the system", "error": "DB_ERROR: You did not supply a value for binding parameter :error_type."}
{"timestamp": "2025-10-19T15:41:12.922459", "user_id": "admin", "action": "navigation.page_access", "description": "Navigated to facture page", "error": "DB_ERROR: You did not supply a value for binding parameter :error_type."}
{"timestamp": "2025-10-19T15:47:34.475680", "user_id": "admin", "action": "authentication.user_login", "description": "User Administrator logged into the system", "error": "DB_ERROR: You did not supply a value for binding parameter :error_type."}
{"timestamp": "2025-10-19T15:47:35.996847", "user_id": "admin", "action": "navigation.page_access", "description": "Navigated to facture page", "error": "DB_ERROR: You did not supply a value for binding parameter :error_type."}
{"timestamp": "2025-10-19T15:47:42.315289", "user_id": "admin", "action": "navigation.page_access", "description": "Navigated to bank page", "error": "DB_ERROR: You did not supply a value for binding parameter :error_type."}
{"timestamp": "2025-10-19T15:48:43.420696", "user_id": "admin", "action": "navigation.page_access", "description": "Navigated to achat page", "error": "DB_ERROR: You did not supply a value for binding parameter :error_type."}
{"timestamp": "2025-10-19T15:49:22.087055", "user_id": "admin", "action": "navigation.page_access", "description": "Navigated to syncinspector page", "error": "DB_ERROR: You did not supply a value for binding parameter :error_type."}
{"timestamp": "2025-10-19T15:50:47.751066", "user_id": "admin", "action": "navigation.page_access", "description": "Navigated to ciment page", "error": "DB_ERROR: You did not supply a value for binding parameter :error_type."}
{"timestamp": "2025-10-19T15:52:37.525849", "user_id": "admin", "action": "navigation.page_access", "description": "Navigated to permissionmanagement page", "error": "DB_ERROR: You did not supply a value for binding parameter :error_type."}
{"timestamp": "2025-10-19T15:56:37.809312", "user_id": "admin", "action": "navigation.page_access", "description": "Navigated to sync page", "error": "DB_ERROR: You did not supply a value for binding parameter :error_type."}
{"timestamp": "2025-10-19T15:56:43.888330", "user_id": "admin", "action": "navigation.page_access", "description": "Navigated to syncinspector page", "error": "DB_ERROR: You did not supply a value for binding parameter :error_type."}
{"timestamp": "2025-10-19T16:23:32.175239", "user_id": "admin", "action": "authentication.user_login", "description": "User Administrator logged into the system", "error": "DB_ERROR: You did not supply a value for binding parameter :error_type."}
{"timestamp": "2025-10-19T16:23:34.414028", "user_id": "admin", "action": "navigation.page_access", "description": "Navigated to facture page", "error": "DB_ERROR: You did not supply a value for binding parameter :error_type."}
{"timestamp": "2025-10-19T16:23:40.073557", "user_id": "admin", "action": "navigation.page_access", "description": "Navigated to ciment page", "error": "DB_ERROR: You did not supply a value for binding parameter :error_type."}
{"timestamp": "2025-10-19T16:40:53.830555", "user_id": "admin", "action": "authentication.user_login", "description": "User Administrator logged into the system", "error": "DB_ERROR: You did not supply a value for binding parameter :error_type."}
{"timestamp": "2025-10-19T16:40:56.754806", "user_id": "admin", "action": "navigation.page_access", "description": "Navigated to ciment page", "error": "DB_ERROR: You did not supply a value for binding parameter :error_type."}
{"timestamp": "2025-10-19T16:46:06.457006", "user_id": "admin", "action": "authentication.user_login", "description": "User Administrator logged into the system", "error": "DB_ERROR: You did not supply a value for binding parameter :error_type."}
{"timestamp": "2025-10-19T16:46:08.544200", "user_id": "admin", "action": "navigation.page_access", "description": "Navigated to ciment page", "error": "DB_ERROR: You did not supply a value for binding parameter :error_type."}
{"timestamp": "2025-10-19T16:46:48.767472", "user_id": "admin", "action": "navigation.page_access", "description": "Navigated to syncinspector page", "error": "DB_ERROR: You did not supply a value for binding parameter :error_type."}
{"timestamp": "2025-10-19T16:49:21.210334", "user_id": "admin", "action": "authentication.user_login", "description": "User Administrator logged into the system", "error": "DB_ERROR: You did not supply a value for binding parameter :error_type."}
{"timestamp": "2025-10-19T16:49:26.866630", "user_id": "admin", "action": "navigation.page_access", "description": "Navigated to ciment page", "error": "DB_ERROR: You did not supply a value for binding parameter :error_type."}
{"timestamp": "2025-10-19T16:51:28.101540", "user_id": "admin", "action": "authentication.user_login", "description": "User Administrator logged into the system", "error": "DB_ERROR: You did not supply a value for binding parameter :error_type."}
{"timestamp": "2025-10-19T16:51:29.653991", "user_id": "admin", "action": "navigation.page_access", "description": "Navigated to ciment page", "error": "DB_ERROR: You did not supply a value for binding parameter :error_type."}
{"timestamp": "2025-10-19T17:02:04.268050", "user_id": "admin", "action": "authentication.user_login", "description": "User Administrator logged into the system", "error": "DB_ERROR: You did not supply a value for binding parameter :error_type."}
{"timestamp": "2025-10-19T17:02:05.956308", "user_id": "admin", "action": "navigation.page_access", "description": "Navigated to ciment page", "error": "DB_ERROR: You did not supply a value for binding parameter :error_type."}
{"timestamp": "2025-10-19T17:30:17.961786", "user_id": "admin", "action": "authentication.user_login", "description": "User Administrator logged into the system", "error": "DB_ERROR: You did not supply a value for binding parameter :error_type."}
{"timestamp": "2025-10-19T17:30:21.052444", "user_id": "admin", "action": "navigation.page_access", "description": "Navigated to ciment page", "error": "DB_ERROR: You did not supply a value for binding parameter :error_type."}
{"timestamp": "2025-10-20T12:16:46.992727", "user_id": "admin", "action": "authentication.user_login", "description": "User Administrator logged into the system", "error": "DB_ERROR: You did not supply a value for binding parameter :error_type."}
{"timestamp": "2025-10-20T12:16:50.995349", "user_id": "admin", "action": "navigation.page_access", "description": "Navigated to sync page", "error": "DB_ERROR: You did not supply a value for binding parameter :error_type."}
{"timestamp": "2025-10-20T12:16:56.246068", "user_id": "admin", "action": "navigation.page_access", "description": "Navigated to usermanagement page", "error": "DB_ERROR: You did not supply a value for binding parameter :error_type."}
{"timestamp": "2025-10-20T12:18:45.653633", "user_id": "admin", "action": "navigation.page_access", "description": "Navigated to sync page", "error": "DB_ERROR: You did not supply a value for binding parameter :error_type."}
{"timestamp": "2025-10-20T12:59:25.169128", "user_id": "admin", "action": "authentication.user_login", "description": "User Administrator logged into the system", "error": "DB_ERROR: You did not supply a value for binding parameter :error_type."}
{"timestamp": "2025-10-20T12:59:28.201211", "user_id": "admin", "action": "navigation.page_access", "description": "Navigated to usermanagement page", "error": "DB_ERROR: You did not supply a value for binding parameter :error_type."}
{"timestamp": "2025-10-20T13:03:57.652759", "user_id": "admin", "action": "navigation.page_access", "description": "Navigated to syncinspector page", "error": "DB_ERROR: You did not supply a value for binding parameter :error_type."}
{"timestamp": "2025-10-21T09:17:28.566760", "user_id": "admin", "action": "authentication.user_login", "description": "User Administrator logged into the system", "error": "DB_ERROR: You did not supply a value for binding parameter :error_type."}
{"timestamp": "2025-10-21T09:17:33.821350", "user_id": "admin", "action": "navigation.page_access", "description": "Navigated to sync page", "error": "DB_ERROR: You did not supply a value for binding parameter :error_type."}
{"timestamp": "2025-10-21T12:05:53.334933", "user_id": "admin", "action": "authentication.user_login", "description": "User Administrator logged into the system", "error": "DB_ERROR: You did not supply a value for binding parameter :error_type."}
{"timestamp": "2025-10-21T12:09:34.374332", "user_id": "admin", "action": "authentication.user_login", "description": "User Administrator logged into the system", "error": "DB_ERROR: You did not supply a value for binding parameter :error_type."}
{"timestamp": "2025-10-21T12:09:38.927106", "user_id": "admin", "action": "navigation.page_access", "description": "Navigated to sync page", "error": "DB_ERROR: You did not supply a value for binding parameter :error_type."}
{"timestamp": "2025-10-21T12:09:56.224361", "user_id": "admin", "action": "navigation.page_access", "description": "Navigated to syncinspector page", "error": "DB_ERROR: You did not supply a value for binding parameter :error_type."}
{"timestamp": "2025-10-21T12:10:02.632470", "user_id": "admin", "action": "navigation.page_access", "description": "Navigated to sync page", "error": "DB_ERROR: You did not supply a value for binding parameter :error_type."}
{"timestamp": "2025-10-21T12:16:11.482607", "user_id": "admin", "action": "authentication.user_login", "description": "User Administrator logged into the system", "error": "DB_ERROR: You did not supply a value for binding parameter :error_type."}
{"timestamp": "2025-10-21T12:16:14.791727", "user_id": "admin", "action": "navigation.page_access", "description": "Navigated to sync page", "error": "DB_ERROR: You did not supply a value for binding parameter :error_type."}
{"timestamp": "2025-10-21T12:16:22.978592", "user_id": "admin", "action": "navigation.page_access", "description": "Navigated to syncinspector page", "error": "DB_ERROR: You did not supply a value for binding parameter :error_type."}
{"timestamp": "2025-10-21T12:16:28.931399", "user_id": "admin", "action": "navigation.page_access", "description": "Navigated to sync page", "error": "DB_ERROR: You did not supply a value for binding parameter :error_type."}
{"timestamp": "2025-10-21T12:17:51.284365", "user_id": "admin", "action": "navigation.page_access", "description": "Navigated to voiture page", "error": "DB_ERROR: You did not supply a value for binding parameter :error_type."}
{"timestamp": "2025-10-21T16:40:31.916248", "user_id": "admin", "action": "authentication.user_login", "description": "User Administrator logged into the system", "error": "DB_ERROR: You did not supply a value for binding parameter :error_type."}
{"timestamp": "2025-10-21T16:40:38.389278", "user_id": "admin", "action": "navigation.page_access", "description": "Navigated to sync page", "error": "DB_ERROR: You did not supply a value for binding parameter :error_type."}
{"timestamp": "2025-10-21T16:40:51.188399", "user_id": "admin", "action": "navigation.page_access", "description": "Navigated to syncinspector page", "error": "DB_ERROR: You did not supply a value for binding parameter :error_type."}
{"timestamp": "2025-10-21T16:43:41.556660", "user_id": "admin", "action": "authentication.user_login", "description": "User Administrator logged into the system", "error": "DB_ERROR: You did not supply a value for binding parameter :error_type."}
{"timestamp": "2025-10-21T16:43:43.551593", "user_id": "admin", "action": "navigation.page_access", "description": "Navigated to sync page", "error": "DB_ERROR: You did not supply a value for binding parameter :error_type."}
{"timestamp": "2025-10-21T16:43:49.206079", "user_id": "admin", "action": "navigation.page_access", "description": "Navigated to syncinspector page", "error": "DB_ERROR: You did not supply a value for binding parameter :error_type."}
{"timestamp": "2025-10-21T16:44:00.314454", "user_id": "admin", "action": "navigation.page_access", "description": "Navigated to sync page", "error": "DB_ERROR: You did not supply a value for binding parameter :error_type."}
{"timestamp": "2025-10-21T16:44:02.746859", "user_id": "admin", "action": "navigation.page_access", "description": "Navigated to vente page", "error": "DB_ERROR: You did not supply a value for binding parameter :error_type."}
{"timestamp": "2025-10-21T16:44:10.428703", "user_id": "admin", "action": "navigation.page_access", "description": "Navigated to achat page", "error": "DB_ERROR: You did not supply a value for binding parameter :error_type."}
{"timestamp": "2025-10-21T16:44:14.011650", "user_id": "admin", "action": "navigation.page_access", "description": "Navigated to bank page", "error": "DB_ERROR: You did not supply a value for binding parameter :error_type."}
{"timestamp": "2025-10-21T16:44:15.192805", "user_id": "admin", "action": "navigation.page_access", "description": "Navigated to settings page from bank", "error": "DB_ERROR: You did not supply a value for binding parameter :error_type."}
{"timestamp": "2025-10-21T16:45:06.704390", "user_id": "admin", "action": "authentication.user_login", "description": "User Administrator logged into the system", "error": "DB_ERROR: You did not supply a value for binding parameter :error_type."}
{"timestamp": "2025-10-21T16:45:10.912765", "user_id": "admin", "action": "navigation.page_access", "description": "Navigated to sync page", "error": "DB_ERROR: You did not supply a value for binding parameter :error_type."}
{"timestamp": "2025-10-21T16:53:23.459962", "user_id": "admin", "action": "authentication.user_login", "description": "User Administrator logged into the system", "error": "DB_ERROR: You did not supply a value for binding parameter :error_type."}
{"timestamp": "2025-10-21T17:00:13.409612", "user_id": "admin", "action": "authentication.user_login", "description": "User Administrator logged into the system", "error": "DB_ERROR: You did not supply a value for binding parameter :error_type."}
{"timestamp": "2025-10-21T17:00:17.200775", "user_id": "admin", "action": "navigation.page_access", "description": "Navigated to permissionmanagement page", "error": "DB_ERROR: You did not supply a value for binding parameter :error_type."}
{"timestamp": "2025-10-21T17:00:44.693375", "user_id": "admin", "action": "authentication.user_login", "description": "User Administrator logged into the system", "error": "DB_ERROR: You did not supply a value for binding parameter :error_type."}
{"timestamp": "2025-10-21T17:40:45.548815", "user_id": "admin", "action": "authentication.user_login", "description": "User Administrator logged into the system", "error": "DB_ERROR: You did not supply a value for binding parameter :error_type."}
{"timestamp": "2025-10-21T17:42:38.656763", "user_id": "admin", "action": "authentication.user_login", "description": "User Administrator logged into the system", "error": "DB_ERROR: You did not supply a value for binding parameter :error_type."}
{"timestamp": "2025-10-21T17:42:43.430388", "user_id": "admin", "action": "navigation.page_access", "description": "Navigated to sync page", "error": "DB_ERROR: You did not supply a value for binding parameter :error_type."}
{"timestamp": "2025-10-21T17:47:50.814966", "user_id": "admin", "action": "authentication.user_login", "description": "User Administrator logged into the system", "error": "DB_ERROR: You did not supply a value for binding parameter :error_type."}
{"timestamp": "2025-10-22T08:20:20.461762", "user_id": "admin", "action": "authentication.user_login", "description": "User Administrator logged into the system", "error": "DB_ERROR: You did not supply a value for binding parameter :error_type."}
{"timestamp": "2025-10-22T08:22:09.985930", "user_id": "admin", "action": "authentication.user_login", "description": "User Administrator logged into the system", "error": "DB_ERROR: You did not supply a value for binding parameter :error_type."}
{"timestamp": "2025-10-22T08:35:44.726367", "user_id": "admin", "action": "authentication.user_login", "description": "User Administrator logged into the system", "error": "DB_ERROR: You did not supply a value for binding parameter :error_type."}
{"timestamp": "2025-10-23T14:41:56.506063", "user_id": "admin", "action": "authentication.user_login", "description": "User Administrator logged into the system", "error": "DB_ERROR: You did not supply a value for binding parameter :error_type."}
{"timestamp": "2025-10-23T14:42:04.066420", "user_id": "admin", "action": "navigation.page_access", "description": "Navigated to usermanagement page", "error": "DB_ERROR: You did not supply a value for binding parameter :error_type."}
{"timestamp": "2025-10-23T14:43:48.024055", "user_id": "admin", "action": "navigation.page_access", "description": "Navigated to usermanagement page", "error": "DB_ERROR: You did not supply a value for binding parameter :error_type."}
{"timestamp": "2025-10-23T14:45:30.499487", "user_id": "admin", "action": "navigation.page_access", "description": "Navigated to usermanagement page", "error": "DB_ERROR: You did not supply a value for binding parameter :error_type."}
{"timestamp": "2025-10-23T14:45:44.368805", "user_id": "admin", "action": "authentication.user_login", "description": "User Administrator logged into the system", "error": "DB_ERROR: You did not supply a value for binding parameter :error_type."}
{"timestamp": "2025-10-23T14:45:46.398841", "user_id": "admin", "action": "navigation.page_access", "description": "Navigated to usermanagement page", "error": "DB_ERROR: You did not supply a value for binding parameter :error_type."}
{"timestamp": "2025-10-23T15:12:41.785122", "user_id": "admin", "action": "authentication.user_login", "description": "User Administrator logged into the system", "error": "DB_ERROR: You did not supply a value for binding parameter :error_type."}
{"timestamp": "2025-10-23T15:12:43.865198", "user_id": "admin", "action": "navigation.page_access", "description": "Navigated to sync page", "error": "DB_ERROR: You did not supply a value for binding parameter :error_type."}
{"timestamp": "2025-10-24T08:05:25.656523", "user_id": "admin", "action": "authentication.user_login", "description": "User Administrator logged into the system", "error": "DB_ERROR: You did not supply a value for binding parameter :error_type."}
{"timestamp": "2025-10-24T08:05:28.934090", "user_id": "admin", "action": "navigation.page_access", "description": "Navigated to sync page", "error": "DB_ERROR: You did not supply a value for binding parameter :error_type."}
{"timestamp": "2025-10-24T08:05:40.509434", "user_id": "admin", "action": "navigation.page_access", "description": "Navigated to syncinspector page", "error": "DB_ERROR: You did not supply a value for binding parameter :error_type."}
{"timestamp": "2025-10-24T08:05:56.276744", "user_id": "admin", "action": "navigation.page_access", "description": "Navigated to settings page from syncinspector", "error": "DB_ERROR: You did not supply a value for binding parameter :error_type."}
{"timestamp": "2025-10-24T08:06:01.996967", "user_id": "admin", "action": "navigation.page_access", "description": "Navigated to sync page", "error": "DB_ERROR: You did not supply a value for binding parameter :error_type."}
{"timestamp": "2025-10-24T08:06:05.667982", "user_id": "admin", "action": "navigation.page_access", "description": "Navigated to syncinspector page", "error": "DB_ERROR: You did not supply a value for binding parameter :error_type."}
{"timestamp": "2025-10-24T08:06:43.680242", "user_id": "admin", "action": "navigation.page_access", "description": "Navigated to sync page", "error": "DB_ERROR: You did not supply a value for binding parameter :error_type."}
{"timestamp": "2025-10-24T08:19:29.833599", "user_id": "admin", "action": "authentication.user_login", "description": "User Administrator logged into the system", "error": "DB_ERROR: You did not supply a value for binding parameter :error_type."}
{"timestamp": "2025-10-24T08:19:32.310476", "user_id": "admin", "action": "navigation.page_access", "description": "Navigated to sync page", "error": "DB_ERROR: You did not supply a value for binding parameter :error_type."}
{"timestamp": "2025-10-24T08:19:36.117910", "user_id": "admin", "action": "navigation.page_access", "description": "Navigated to syncinspector page", "error": "DB_ERROR: You did not supply a value for binding parameter :error_type."}
{"timestamp": "2025-10-24T08:19:50.448967", "user_id": "admin", "action": "navigation.page_access", "description": "Navigated to sync page", "error": "DB_ERROR: You did not supply a value for binding parameter :error_type."}
{"timestamp": "2025-10-24T08:19:54.918779", "user_id": "admin", "action": "navigation.page_access", "description": "Navigated to bank page", "error": "DB_ERROR: You did not supply a value for binding parameter :error_type."}
{"timestamp": "2025-10-24T08:19:56.215351", "user_id": "admin", "action": "navigation.page_access", "description": "Navigated to settings page from bank", "error": "DB_ERROR: You did not supply a value for binding parameter :error_type."}
{"timestamp": "2025-10-24T08:20:21.954357", "user_id": "admin", "action": "navigation.page_access", "description": "Navigated to sync page", "error": "DB_ERROR: You did not supply a value for binding parameter :error_type."}
{"timestamp": "2025-10-24T08:20:25.328564", "user_id": "admin", "action": "navigation.page_access", "description": "Navigated to syncinspector page", "error": "DB_ERROR: You did not supply a value for binding parameter :error_type."}
{"timestamp": "2025-10-24T08:36:36.855923", "user_id": "admin", "action": "authentication.user_login", "description": "User Administrator logged into the system", "error": "DB_ERROR: You did not supply a value for binding parameter :error_type."}
{"timestamp": "2025-10-24T08:36:41.981625", "user_id": "admin", "action": "navigation.page_access", "description": "Navigated to sync page", "error": "DB_ERROR: You did not supply a value for binding parameter :error_type."}
{"timestamp": "2025-10-24T08:39:36.667854", "user_id": "admin", "action": "authentication.user_login", "description": "User Administrator logged into the system", "error": "DB_ERROR: You did not supply a value for binding parameter :error_type."}
{"timestamp": "2025-10-24T08:39:39.400612", "user_id": "admin", "action": "navigation.page_access", "description": "Navigated to sync page", "error": "DB_ERROR: You did not supply a value for binding parameter :error_type."}
{"timestamp": "2025-10-24T08:39:57.245219", "user_id": "admin", "action": "navigation.page_access", "description": "Navigated to sync page", "error": "DB_ERROR: You did not supply a value for binding parameter :error_type."}
{"timestamp": "2025-10-24T08:44:28.699887", "user_id": "admin", "action": "authentication.user_login", "description": "User Administrator logged into the system", "error": "DB_ERROR: You did not supply a value for binding parameter :error_type."}
{"timestamp": "2025-10-24T08:44:31.139964", "user_id": "admin", "action": "navigation.page_access", "description": "Navigated to sync page", "error": "DB_ERROR: You did not supply a value for binding parameter :error_type."}
{"timestamp": "2025-10-24T08:46:43.779931", "user_id": "admin", "action": "authentication.user_login", "description": "User Administrator logged into the system", "error": "DB_ERROR: You did not supply a value for binding parameter :error_type."}
{"timestamp": "2025-10-24T08:46:46.055095", "user_id": "admin", "action": "navigation.page_access", "description": "Navigated to sync page", "error": "DB_ERROR: You did not supply a value for binding parameter :error_type."}
{"timestamp": "2025-10-24T09:00:14.671061", "user_id": "admin", "action": "authentication.user_login", "description": "User Administrator logged into the system", "error": "DB_ERROR: You did not supply a value for binding parameter :error_type."}
{"timestamp": "2025-10-24T09:00:17.622163", "user_id": "admin", "action": "navigation.page_access", "description": "Navigated to sync page", "error": "DB_ERROR: You did not supply a value for binding parameter :error_type."}
{"timestamp": "2025-10-24T19:42:35.686767", "user_id": "admin", "action": "authentication.user_login", "description": "User Administrator logged into the system", "error": "DB_ERROR: You did not supply a value for binding parameter :error_type."}
{"timestamp": "2025-10-24T19:42:49.014886", "user_id": "admin", "action": "navigation.page_access", "description": "Navigated to usermanagement page", "error": "DB_ERROR: You did not supply a value for binding parameter :error_type."}
{"timestamp": "2025-10-24T19:44:12.208601", "user_id": "admin", "action": "navigation.page_access", "description": "Navigated to usermanagement page", "error": "DB_ERROR: You did not supply a value for binding parameter :error_type."}
{"timestamp": "2025-10-24T19:44:16.735529", "user_id": "admin", "action": "navigation.page_access", "description": "Navigated to syncinspector page", "error": "DB_ERROR: You did not supply a value for binding parameter :error_type."}
{"timestamp": "2025-10-24T20:06:57.129688", "user_id": "admin", "action": "authentication.user_login", "description": "User Administrator logged into the system", "error": "DB_ERROR: You did not supply a value for binding parameter :error_type."}
{"timestamp": "2025-10-24T20:10:11.446382", "user_id": "admin", "action": "authentication.user_login", "description": "User Administrator logged into the system", "error": "DB_ERROR: You did not supply a value for binding parameter :error_type."}
{"timestamp": "2025-10-24T20:13:22.331474", "user_id": "admin", "action": "authentication.user_login", "description": "User Administrator logged into the system", "error": "DB_ERROR: You did not supply a value for binding parameter :error_type."}
{"timestamp": "2025-10-24T22:46:41.938264", "user_id": "admin", "action": "authentication.user_login", "description": "User Administrator logged into the system", "error": "DB_ERROR: You did not supply a value for binding parameter :error_type."}
{"timestamp": "2025-10-24T22:46:44.887122", "user_id": "admin", "action": "navigation.page_access", "description": "Navigated to vente page", "error": "DB_ERROR: You did not supply a value for binding parameter :error_type."}
{"timestamp": "2025-10-24T22:46:47.815880", "user_id": "admin", "action": "navigation.page_access", "description": "Navigated to achat page", "error": "DB_ERROR: You did not supply a value for binding parameter :error_type."}
{"timestamp": "2025-10-24T22:46:50.122759", "user_id": "admin", "action": "navigation.page_access", "description": "Navigated to bank page", "error": "DB_ERROR: You did not supply a value for binding parameter :error_type."}
{"timestamp": "2025-10-24T22:49:29.874264", "user_id": "admin", "action": "authentication.user_login", "description": "User Administrator logged into the system", "error": "DB_ERROR: You did not supply a value for binding parameter :error_type."}
{"timestamp": "2025-10-24T22:49:31.411401", "user_id": "admin", "action": "navigation.page_access", "description": "Navigated to vente page", "error": "DB_ERROR: You did not supply a value for binding parameter :error_type."}
{"timestamp": "2025-10-24T22:49:33.713940", "user_id": "admin", "action": "navigation.page_access", "description": "Navigated to achat page", "error": "DB_ERROR: You did not supply a value for binding parameter :error_type."}
{"timestamp": "2025-10-24T22:49:37.777819", "user_id": "admin", "action": "navigation.page_access", "description": "Navigated to bank page", "error": "DB_ERROR: You did not supply a value for binding parameter :error_type."}
{"timestamp": "2025-10-24T22:49:52.253361", "user_id": "admin", "action": "navigation.page_access", "description": "Navigated to facture page", "error": "DB_ERROR: You did not supply a value for binding parameter :error_type."}
{"timestamp": "2025-10-24T22:51:56.211548", "user_id": "admin", "action": "authentication.user_login", "description": "User Administrator logged into the system", "error": "DB_ERROR: You did not supply a value for binding parameter :error_type."}
{"timestamp": "2025-10-24T22:51:58.238047", "user_id": "admin", "action": "navigation.page_access", "description": "Navigated to ciment page", "error": "DB_ERROR: You did not supply a value for binding parameter :error_type."}
{"timestamp": "2025-10-24T22:52:07.285543", "user_id": "admin", "action": "navigation.page_access", "description": "Navigated to calendar page", "error": "DB_ERROR: You did not supply a value for binding parameter :error_type."}
{"timestamp": "2025-10-25T14:07:40.199485", "user_id": "admin", "action": "authentication.user_login", "description": "User Administrator logged into the system", "error": "DB_ERROR: You did not supply a value for binding parameter :error_type."}
{"timestamp": "2025-10-25T14:18:57.005070", "user_id": "admin", "action": "authentication.user_login", "description": "User Administrator logged into the system", "error": "DB_ERROR: You did not supply a value for binding parameter :error_type."}
{"timestamp": "2025-10-25T14:19:05.244133", "user_id": "admin", "action": "navigation.page_access", "description": "Navigated to vente page", "error": "DB_ERROR: You did not supply a value for binding parameter :error_type."}
{"timestamp": "2025-10-25T14:21:04.086169", "user_id": "admin", "action": "authentication.user_login", "description": "User Administrator logged into the system", "error": "DB_ERROR: You did not supply a value for binding parameter :error_type."}
{"timestamp": "2025-10-25T14:21:06.844441", "user_id": "admin", "action": "navigation.page_access", "description": "Navigated to vente page", "error": "DB_ERROR: You did not supply a value for binding parameter :error_type."}
{"timestamp": "2025-10-25T14:21:13.117869", "user_id": "admin", "action": "navigation.page_access", "description": "Navigated to achat page", "error": "DB_ERROR: You did not supply a value for binding parameter :error_type."}
{"timestamp": "2025-10-25T14:21:26.198129", "user_id": "admin", "action": "navigation.page_access", "description": "Navigated to bank page", "error": "DB_ERROR: You did not supply a value for binding parameter :error_type."}
{"timestamp": "2025-10-25T14:21:30.880322", "user_id": "admin", "action": "navigation.page_access", "description": "Navigated to calendar page", "error": "DB_ERROR: You did not supply a value for binding parameter :error_type."}
{"timestamp": "2025-10-25T14:22:42.069872", "user_id": "admin", "action": "authentication.user_login", "description": "User Administrator logged into the system", "error": "DB_ERROR: You did not supply a value for binding parameter :error_type."}
{"timestamp": "2025-10-25T14:22:45.665124", "user_id": "admin", "action": "navigation.page_access", "description": "Navigated to sync page", "error": "DB_ERROR: You did not supply a value for binding parameter :error_type."}
{"timestamp": "2025-10-25T14:22:51.596673", "user_id": "admin", "action": "navigation.page_access", "description": "Navigated to retenu page", "error": "DB_ERROR: You did not supply a value for binding parameter :error_type."}
{"timestamp": "2025-10-25T14:22:56.398733", "user_id": "admin", "action": "navigation.page_access", "description": "Navigated to facture page", "error": "DB_ERROR: You did not supply a value for binding parameter :error_type."}
{"timestamp": "2025-10-27T13:52:35.671942", "user_id": "admin", "action": "authentication.user_login", "description": "User Administrator logged into the system", "error": "DB_ERROR: You did not supply a value for binding parameter :error_type."}
{"timestamp": "2025-10-27T13:59:38.178485", "user_id": "admin", "action": "authentication.user_login", "description": "User Administrator logged into the system", "error": "DB_ERROR: You did not supply a value for binding parameter :error_type."}
{"timestamp": "2025-10-27T13:59:43.454137", "user_id": "admin", "action": "navigation.page_access", "description": "Navigated to sync page", "error": "DB_ERROR: You did not supply a value for binding parameter :error_type."}
{"timestamp": "2025-10-27T13:59:50.825927", "user_id": "admin", "action": "navigation.page_access", "description": "Navigated to voiture page", "error": "DB_ERROR: You did not supply a value for binding parameter :error_type."}
{"timestamp": "2025-10-27T13:59:54.400271", "user_id": "admin", "action": "navigation.page_access", "description": "Navigated to sync page", "error": "DB_ERROR: You did not supply a value for binding parameter :error_type."}
{"timestamp": "2025-10-27T14:02:00.661694", "user_id": "admin", "action": "navigation.page_access", "description": "Navigated to sync page", "error": "DB_ERROR: You did not supply a value for binding parameter :error_type."}
{"timestamp": "2025-10-27T14:02:46.853655", "user_id": "admin", "action": "navigation.page_access", "description": "Navigated to sync page", "error": "DB_ERROR: You did not supply a value for binding parameter :error_type."}
{"timestamp": "2025-10-27T14:02:50.751107", "user_id": "admin", "action": "navigation.page_access", "description": "Navigated to syncinspector page", "error": "DB_ERROR: You did not supply a value for binding parameter :error_type."}
{"timestamp": "2025-10-27T14:02:54.334101", "user_id": "admin", "action": "navigation.page_access", "description": "Navigated to retenu page", "error": "DB_ERROR: You did not supply a value for binding parameter :error_type."}
{"timestamp": "2025-10-27T14:05:41.147751", "user_id": "admin", "action": "navigation.page_access", "description": "Navigated to syncinspector page", "error": "DB_ERROR: You did not supply a value for binding parameter :error_type."}
{"timestamp": "2025-10-27T16:57:35.010559", "user_id": "admin", "action": "authentication.user_login", "description": "User Administrator logged into the system", "error": "DB_ERROR: You did not supply a value for binding parameter :error_type."}
{"timestamp": "2025-10-27T17:36:59.313092", "user_id": "admin", "action": "authentication.user_login", "description": "User Administrator logged into the system", "error": "DB_ERROR: You did not supply a value for binding parameter :error_type."}
{"timestamp": "2025-10-28T09:37:37.804106", "user_id": "admin", "action": "authentication.user_login", "description": "User Administrator logged into the system", "error": "DB_ERROR: You did not supply a value for binding parameter :error_type."}
{"timestamp": "2025-10-29T08:18:39.129898", "user_id": "admin", "action": "authentication.user_login", "description": "User Administrator logged into the system", "error": "DB_ERROR: You did not supply a value for binding parameter :error_type."}
{"timestamp": "2025-10-29T08:18:41.663509", "user_id": "admin", "action": "navigation.page_access", "description": "Navigated to vente page", "error": "DB_ERROR: You did not supply a value for binding parameter :error_type."}
{"timestamp": "2025-10-29T10:30:57.738958", "user_id": "admin", "action": "authentication.user_login", "description": "User Administrator logged into the system", "error": "DB_ERROR: You did not supply a value for binding parameter :error_type."}
{"timestamp": "2025-10-29T10:31:13.309991", "user_id": "admin", "action": "navigation.page_access", "description": "Navigated to sync page", "error": "DB_ERROR: You did not supply a value for binding parameter :error_type."}
{"timestamp": "2025-10-30T07:51:41.792025", "user_id": "admin", "action": "authentication.user_login", "description": "User Administrator logged into the system", "error": "DB_ERROR: You did not supply a value for binding parameter :error_type."}
{"timestamp": "2025-10-30T07:51:44.083918", "user_id": "admin", "action": "navigation.page_access", "description": "Navigated to sync page", "error": "DB_ERROR: You did not supply a value for binding parameter :error_type."}
{"timestamp": "2025-10-30T08:09:58.832617", "user_id": "admin", "action": "authentication.user_login", "description": "User Administrator logged into the system", "error": "DB_ERROR: You did not supply a value for binding parameter :error_type."}
{"timestamp": "2025-10-30T08:10:00.767710", "user_id": "admin", "action": "navigation.page_access", "description": "Navigated to sync page", "error": "DB_ERROR: You did not supply a value for binding parameter :error_type."}
{"timestamp": "2025-10-30T08:12:09.786980", "user_id": "admin", "action": "authentication.user_login", "description": "User Administrator logged into the system", "error": "DB_ERROR: You did not supply a value for binding parameter :error_type."}
{"timestamp": "2025-10-30T08:12:11.488691", "user_id": "admin", "action": "navigation.page_access", "description": "Navigated to sync page", "error": "DB_ERROR: You did not supply a value for binding parameter :error_type."}
{"timestamp": "2025-10-30T08:17:45.744641", "user_id": "admin", "action": "authentication.user_login", "description": "User Administrator logged into the system", "error": "DB_ERROR: You did not supply a value for binding parameter :error_type."}
{"timestamp": "2025-10-30T08:17:48.407093", "user_id": "admin", "action": "navigation.page_access", "description": "Navigated to sync page", "error": "DB_ERROR: You did not supply a value for binding parameter :error_type."}
{"timestamp": "2025-10-30T08:36:25.093731", "user_id": "admin", "action": "authentication.user_login", "description": "User Administrator logged into the system", "error": "DB_ERROR: You did not supply a value for binding parameter :error_type."}
{"timestamp": "2025-10-30T08:36:27.141395", "user_id": "admin", "action": "navigation.page_access", "description": "Navigated to sync page", "error": "DB_ERROR: You did not supply a value for binding parameter :error_type."}
{"timestamp": "2025-10-30T10:16:02.417707", "user_id": "admin", "action": "authentication.user_login", "description": "User Administrator logged into the system", "error": "DB_ERROR: You did not supply a value for binding parameter :error_type."}
{"timestamp": "2025-10-30T10:16:04.230145", "user_id": "admin", "action": "navigation.page_access", "description": "Navigated to sync page", "error": "DB_ERROR: You did not supply a value for binding parameter :error_type."}
{"timestamp": "2025-10-30T10:47:01.917498", "user_id": "admin", "action": "authentication.user_login", "description": "User Administrator logged into the system", "error": "DB_ERROR: You did not supply a value for binding parameter :error_type."}
{"timestamp": "2025-10-30T10:47:03.901358", "user_id": "admin", "action": "navigation.page_access", "description": "Navigated to sync page", "error": "DB_ERROR: You did not supply a value for binding parameter :error_type."}
{"timestamp": "2025-10-30T13:07:39.746201", "user_id": "admin", "action": "authentication.user_login", "description": "User Administrator logged into the system", "error": "DB_ERROR: You did not supply a value for binding parameter :error_type."}
{"timestamp": "2025-10-30T13:07:41.965770", "user_id": "admin", "action": "navigation.page_access", "description": "Navigated to sync page", "error": "DB_ERROR: You did not supply a value for binding parameter :error_type."}
{"timestamp": "2025-10-30T16:43:02.131918", "user_id": "admin", "action": "authentication.user_login", "description": "User Administrator logged into the system", "error": "DB_ERROR: You did not supply a value for binding parameter :error_type."}
{"timestamp": "2025-10-30T16:43:04.431077", "user_id": "admin", "action": "navigation.page_access", "description": "Navigated to sync page", "error": "DB_ERROR: You did not supply a value for binding parameter :error_type."}
{"timestamp": "2025-10-31T06:43:25.785252", "user_id": "admin", "action": "authentication.user_login", "description": "User Administrator logged into the system", "error": "DB_ERROR: You did not supply a value for binding parameter :error_type."}
{"timestamp": "2025-10-31T06:43:27.780681", "user_id": "admin", "action": "navigation.page_access", "description": "Navigated to sync page", "error": "DB_ERROR: You did not supply a value for binding parameter :error_type."}
{"timestamp": "2025-10-31T06:47:10.656933", "user_id": "admin", "action": "authentication.user_login", "description": "User Administrator logged into the system", "error": "DB_ERROR: You did not supply a value for binding parameter :error_type."}
{"timestamp": "2025-10-31T06:47:12.825762", "user_id": "admin", "action": "navigation.page_access", "description": "Navigated to sync page", "error": "DB_ERROR: You did not supply a value for binding parameter :error_type."}
{"timestamp": "2025-10-31T06:59:01.396872", "user_id": "admin", "action": "authentication.user_login", "description": "User Administrator logged into the system", "error": "DB_ERROR: You did not supply a value for binding parameter :error_type."}
{"timestamp": "2025-10-31T06:59:03.835605", "user_id": "admin", "action": "navigation.page_access", "description": "Navigated to sync page", "error": "DB_ERROR: You did not supply a value for binding parameter :error_type."}
{"timestamp": "2025-10-31T06:59:54.509313", "user_id": "admin", "action": "authentication.user_login", "description": "User Administrator logged into the system", "error": "DB_ERROR: You did not supply a value for binding parameter :error_type."}
{"timestamp": "2025-10-31T06:59:58.463646", "user_id": "admin", "action": "navigation.page_access", "description": "Navigated to bank page", "error": "DB_ERROR: You did not supply a value for binding parameter :error_type."}
{"timestamp": "2025-10-31T07:02:07.136458", "user_id": "admin", "action": "authentication.user_login", "description": "User Administrator logged into the system", "error": "DB_ERROR: You did not supply a value for binding parameter :error_type."}
{"timestamp": "2025-10-31T07:02:09.124338", "user_id": "admin", "action": "navigation.page_access", "description": "Navigated to sync page", "error": "DB_ERROR: You did not supply a value for binding parameter :error_type."}
{"timestamp": "2025-10-31T07:08:36.455518", "user_id": "admin", "action": "authentication.user_login", "description": "User Administrator logged into the system", "error": "DB_ERROR: You did not supply a value for binding parameter :error_type."}
{"timestamp": "2025-10-31T07:08:43.765202", "user_id": "admin", "action": "navigation.page_access", "description": "Navigated to sync page", "error": "DB_ERROR: You did not supply a value for binding parameter :error_type."}
{"timestamp": "2025-10-31T07:25:20.179612", "user_id": "admin", "action": "authentication.user_login", "description": "User Administrator logged into the system", "error": "DB_ERROR: You did not supply a value for binding parameter :error_type."}
{"timestamp": "2025-10-31T07:25:22.671706", "user_id": "admin", "action": "navigation.page_access", "description": "Navigated to sync page", "error": "DB_ERROR: You did not supply a value for binding parameter :error_type."}
{"timestamp": "2025-10-31T07:46:04.510668", "user_id": "admin", "action": "authentication.user_login", "description": "User Administrator logged into the system", "error": "DB_ERROR: You did not supply a value for binding parameter :error_type."}
{"timestamp": "2025-10-31T07:46:06.252035", "user_id": "admin", "action": "navigation.page_access", "description": "Navigated to sync page", "error": "DB_ERROR: You did not supply a value for binding parameter :error_type."}
{"timestamp": "2025-10-31T18:40:09.992406", "user_id": "admin", "action": "authentication.user_login", "description": "User Administrateur logged into the system", "error": "DB_ERROR: You did not supply a value for binding parameter :error_type."}
{"timestamp": "2025-10-31T18:40:17.590612", "user_id": "admin", "action": "navigation.page_access", "description": "Navigated to syncinspector page", "error": "DB_ERROR: You did not supply a value for binding parameter :error_type."}
{"timestamp": "2025-10-31T18:40:22.387682", "user_id": "admin", "action": "navigation.page_access", "description": "Navigated to vente page", "error": "DB_ERROR: You did not supply a value for binding parameter :error_type."}
{"timestamp": "2025-10-31T18:40:28.913790", "user_id": "admin", "action": "navigation.page_access", "description": "Navigated to caisse page", "error": "DB_ERROR: You did not supply a value for binding parameter :error_type."}
{"timestamp": "2025-10-31T18:40:34.191170", "user_id": "admin", "action": "navigation.page_access", "description": "Navigated to bank page", "error": "DB_ERROR: You did not supply a value for binding parameter :error_type."}
{"timestamp": "2025-10-31T18:40:41.381581", "user_id": "admin", "action": "navigation.page_access", "description": "Navigated to sync page", "error": "DB_ERROR: You did not supply a value for binding parameter :error_type."}
{"timestamp": "2025-11-05T11:42:23.964042", "user_id": "admin", "action": "authentication.user_login", "description": "User Administrateur logged into the system", "error": "DB_ERROR: You did not supply a value for binding parameter :error_type."}
{"timestamp": "2025-11-05T11:42:33.608746", "user_id": "admin", "action": "navigation.page_access", "description": "Navigated to facture page", "error": "DB_ERROR: You did not supply a value for binding parameter :error_type."}
{"timestamp": "2025-11-05T11:43:34.418741", "user_id": "admin", "action": "navigation.page_access", "description": "Navigated to vente page", "error": "DB_ERROR: You did not supply a value for binding parameter :error_type."}
{"timestamp": "2025-11-05T11:44:31.544649", "user_id": "admin", "action": "navigation.page_access", "description": "Navigated to bank page", "error": "DB_ERROR: You did not supply a value for binding parameter :error_type."}
{"timestamp": "2025-11-05T11:45:49.690076", "user_id": "admin", "action": "navigation.page_access", "description": "Navigated to calendar page", "error": "DB_ERROR: You did not supply a value for binding parameter :error_type."}
{"timestamp": "2025-11-05T11:46:12.489407", "user_id": "admin", "action": "navigation.page_access", "description": "Navigated to vente page", "error": "DB_ERROR: You did not supply a value for binding parameter :error_type."}
{"timestamp": "2025-11-05T11:46:37.032374", "user_id": "admin", "action": "navigation.page_access", "description": "Navigated to vente page", "error": "DB_ERROR: You did not supply a value for binding parameter :error_type."}
{"timestamp": "2025-11-05T11:46:44.954396", "user_id": "admin", "action": "navigation.page_access", "description": "Navigated to caisse page", "error": "DB_ERROR: You did not supply a value for binding parameter :error_type."}
{"timestamp": "2025-11-05T11:46:48.407297", "user_id": "admin", "action": "navigation.page_access", "description": "Navigated to bank page", "error": "DB_ERROR: You did not supply a value for binding parameter :error_type."}
{"timestamp": "2025-11-05T11:47:05.525816", "user_id": "admin", "action": "navigation.page_access", "description": "Navigated to userlog page", "error": "DB_ERROR: You did not supply a value for binding parameter :error_type."}
{"timestamp": "2025-11-05T11:47:58.131907", "user_id": "admin", "action": "navigation.page_access", "description": "Navigated to retenu page", "error": "DB_ERROR: You did not supply a value for binding parameter :error_type."}
{"timestamp": "2025-11-05T11:48:09.509864", "user_id": "admin", "action": "navigation.page_access", "description": "Navigated to vente page", "error": "DB_ERROR: You did not supply a value for binding parameter :error_type."}
{"timestamp": "2025-11-05T11:48:36.717994", "user_id": "admin", "action": "navigation.page_access", "description": "Navigated to achat page", "error": "DB_ERROR: You did not supply a value for binding parameter :error_type."}
{"timestamp": "2025-11-05T11:48:50.955525", "user_id": "admin", "action": "navigation.page_access", "description": "Navigated to ciment page", "error": "DB_ERROR: You did not supply a value for binding parameter :error_type."}
{"timestamp": "2025-11-05T11:53:18.676422", "user_id": "admin", "action": "navigation.page_access", "description": "Navigated to ciment page", "error": "DB_ERROR: You did not supply a value for binding parameter :error_type."}
{"timestamp": "2025-11-05T11:55:28.975483", "user_id": "admin", "action": "navigation.page_access", "description": "Navigated to cheque page", "error": "DB_ERROR: You did not supply a value for binding parameter :error_type."}
{"timestamp": "2025-11-05T11:57:30.439691", "user_id": "admin", "action": "navigation.page_access", "description": "Navigated to settings page from cheque", "error": "DB_ERROR: You did not supply a value for binding parameter :error_type."}
{"timestamp": "2025-11-05T11:57:35.065792", "user_id": "admin", "action": "navigation.page_access", "description": "Navigated to backup page", "error": "DB_ERROR: You did not supply a value for binding parameter :error_type."}
{"timestamp": "2025-11-05T11:58:53.512461", "user_id": "admin", "action": "navigation.page_access", "description": "Navigated to permissionmanagement page", "error": "DB_ERROR: You did not supply a value for binding parameter :error_type."}
{"timestamp": "2025-11-05T12:00:46.264944", "user_id": "admin", "action": "navigation.page_access", "description": "Navigated to document page", "error": "DB_ERROR: You did not supply a value for binding parameter :error_type."}
{"timestamp": "2025-11-05T12:00:57.371714", "user_id": "admin", "action": "navigation.page_access", "description": "Navigated to voiture page", "error": "DB_ERROR: You did not supply a value for binding parameter :error_type."}
{"timestamp": "2025-11-05T12:01:12.859127", "user_id": "admin", "action": "navigation.page_access", "description": "Navigated to calendar page", "error": "DB_ERROR: You did not supply a value for binding parameter :error_type."}
{"timestamp": "2025-11-06T06:42:37.056656", "user_id": "admin", "action": "authentication.user_login", "description": "User Administrateur logged into the system", "error": "DB_ERROR: You did not supply a value for binding parameter :error_type."}
{"timestamp": "2025-11-06T06:44:07.787535", "user_id": "admin", "action": "navigation.page_access", "description": "Navigated to syncinspector page", "error": "DB_ERROR: You did not supply a value for binding parameter :error_type."}
{"timestamp": "2025-11-06T06:44:36.013276", "user_id": "admin", "action": "navigation.page_access", "description": "Navigated to sync page", "error": "DB_ERROR: You did not supply a value for binding parameter :error_type."}
{"timestamp": "2025-11-06T06:44:46.153669", "user_id": "admin", "action": "navigation.page_access", "description": "Navigated to syncinspector page", "error": "DB_ERROR: You did not supply a value for binding parameter :error_type."}
{"timestamp": "2025-11-06T06:46:05.081981", "user_id": "admin", "action": "navigation.page_access", "description": "Navigated to sync page", "error": "DB_ERROR: You did not supply a value for binding parameter :error_type."}
{"timestamp": "2025-11-06T07:01:37.552163", "user_id": "admin", "action": "authentication.user_login", "description": "User Administrateur logged into the system", "error": "DB_ERROR: You did not supply a value for binding parameter :error_type."}
{"timestamp": "2025-11-06T07:01:41.449394", "user_id": "admin", "action": "navigation.page_access", "description": "Navigated to syncinspector page", "error": "DB_ERROR: You did not supply a value for binding parameter :error_type."}
{"timestamp": "2025-11-06T07:01:50.628477", "user_id": "admin", "action": "navigation.page_access", "description": "Navigated to sync page", "error": "DB_ERROR: You did not supply a value for binding parameter :error_type."}
{"timestamp": "2025-11-06T07:02:04.509238", "user_id": "admin", "action": "navigation.page_access", "description": "Navigated to syncinspector page", "error": "DB_ERROR: You did not supply a value for binding parameter :error_type."}
{"timestamp": "2025-11-06T08:08:21.803088", "user_id": "admin", "action": "authentication.user_login", "description": "User Administrateur logged into the system", "error": "DB_ERROR: You did not supply a value for binding parameter :error_type."}
{"timestamp": "2025-11-06T08:08:25.281778", "user_id": "admin", "action": "navigation.page_access", "description": "Navigated to syncinspector page", "error": "DB_ERROR: You did not supply a value for binding parameter :error_type."}
{"timestamp": "2025-11-06T08:08:37.263318", "user_id": "admin", "action": "navigation.page_access", "description": "Navigated to sync page", "error": "DB_ERROR: You did not supply a value for binding parameter :error_type."}
{"timestamp": "2025-11-06T08:08:46.239718", "user_id": "admin", "action": "navigation.page_access", "description": "Navigated to syncinspector page", "error": "DB_ERROR: You did not supply a value for binding parameter :error_type."}
{"timestamp": "2025-11-06T08:33:51.160055", "user_id": "admin", "action": "authentication.user_login", "description": "User Administrateur logged into the system", "error": "DB_ERROR: You did not supply a value for binding parameter :error_type."}
{"timestamp": "2025-11-06T08:33:53.485388", "user_id": "admin", "action": "navigation.page_access", "description": "Navigated to sync page", "error": "DB_ERROR: You did not supply a value for binding parameter :error_type."}
{"timestamp": "2025-11-06T08:33:59.924167", "user_id": "admin", "action": "navigation.page_access", "description": "Navigated to syncinspector page", "error": "DB_ERROR: You did not supply a value for binding parameter :error_type."}
{"timestamp": "2025-11-06T08:34:20.140599", "user_id": "admin", "action": "navigation.page_access", "description": "Navigated to sync page", "error": "DB_ERROR: You did not supply a value for binding parameter :error_type."}
{"timestamp": "2025-11-06T08:34:32.776360", "user_id": "admin", "action": "navigation.page_access", "description": "Navigated to syncinspector page", "error": "DB_ERROR: You did not supply a value for binding parameter :error_type."}
{"timestamp": "2025-11-06T08:34:49.900271", "user_id": "admin", "action": "navigation.page_access", "description": "Navigated to sync page", "error": "DB_ERROR: You did not supply a value for binding parameter :error_type."}
{"timestamp": "2025-11-06T08:35:14.867499", "user_id": "admin", "action": "navigation.page_access", "description": "Navigated to syncinspector page", "error": "DB_ERROR: You did not supply a value for binding parameter :error_type."}
{"timestamp": "2025-11-06T08:35:42.416922", "user_id": "admin", "action": "navigation.page_access", "description": "Navigated to sync page", "error": "DB_ERROR: You did not supply a value for binding parameter :error_type."}
{"timestamp": "2025-11-06T08:35:49.825153", "user_id": "admin", "action": "navigation.page_access", "description": "Navigated to sync page", "error": "DB_ERROR: You did not supply a value for binding parameter :error_type."}
{"timestamp": "2025-11-06T08:35:52.781828", "user_id": "admin", "action": "navigation.page_access", "description": "Navigated to syncinspector page", "error": "DB_ERROR: You did not supply a value for binding parameter :error_type."}
{"timestamp": "2025-11-06T08:36:14.029165", "user_id": "admin", "action": "navigation.page_access", "description": "Navigated to sync page", "error": "DB_ERROR: You did not supply a value for binding parameter :error_type."}
{"timestamp": "2025-11-06T08:36:20.933043", "user_id": "admin", "action": "navigation.page_access", "description": "Navigated to syncinspector page", "error": "DB_ERROR: You did not supply a value for binding parameter :error_type."}
{"timestamp": "2025-11-06T09:11:48.415026", "user_id": "admin", "action": "authentication.user_login", "description": "User Administrateur logged into the system", "error": "DB_ERROR: You did not supply a value for binding parameter :error_type."}
{"timestamp": "2025-11-06T09:16:03.967786", "user_id": "admin", "action": "navigation.page_access", "description": "Navigated to sync page", "error": "DB_ERROR: You did not supply a value for binding parameter :error_type."}
{"timestamp": "2025-11-06T09:16:14.295510", "user_id": "admin", "action": "navigation.page_access", "description": "Navigated to syncinspector page", "error": "DB_ERROR: You did not supply a value for binding parameter :error_type."}
{"timestamp": "2025-11-07T20:55:44.062211", "user_id": "admin", "action": "authentication.user_login", "description": "User Administrateur logged into the system", "error": "DB_ERROR: You did not supply a value for binding parameter :error_type."}
{"timestamp": "2025-11-07T20:55:45.998925", "user_id": "admin", "action": "navigation.page_access", "description": "Navigated to syncinspector page", "error": "DB_ERROR: You did not supply a value for binding parameter :error_type."}
{"timestamp": "2025-11-07T20:55:53.236387", "user_id": "admin", "action": "navigation.page_access", "description": "Navigated to vente page", "error": "DB_ERROR: You did not supply a value for binding parameter :error_type."}
{"timestamp": "2025-11-08T07:59:11.267894", "user_id": "admin", "action": "authentication.user_login", "description": "User Administrateur logged into the system", "error": "DB_ERROR: You did not supply a value for binding parameter :error_type."}
{"timestamp": "2025-11-08T08:00:29.119654", "user_id": "admin", "action": "authentication.user_login", "description": "User Administrateur logged into the system", "error": "DB_ERROR: You did not supply a value for binding parameter :error_type."}
{"timestamp": "2025-11-08T08:00:32.341852", "user_id": "admin", "action": "navigation.page_access", "description": "Navigated to syncinspector page", "error": "DB_ERROR: You did not supply a value for binding parameter :error_type."}
{"timestamp": "2025-11-08T08:12:34.393337", "user_id": "admin", "action": "authentication.user_login", "description": "User Administrateur logged into the system", "error": "DB_ERROR: You did not supply a value for binding parameter :error_type."}
{"timestamp": "2025-11-08T08:12:36.794999", "user_id": "admin", "action": "navigation.page_access", "description": "Navigated to syncinspector page", "error": "DB_ERROR: You did not supply a value for binding parameter :error_type."}
{"timestamp": "2025-11-08T08:12:43.725304", "user_id": "admin", "action": "navigation.page_access", "description": "Navigated to sync page", "error": "DB_ERROR: You did not supply a value for binding parameter :error_type."}
{"timestamp": "2025-11-08T08:18:36.416315", "user_id": "admin", "action": "authentication.user_login", "description": "User Administrateur logged into the system", "error": "DB_ERROR: You did not supply a value for binding parameter :error_type."}
{"timestamp": "2025-11-08T08:24:20.058280", "user_id": "admin", "action": "authentication.user_login", "description": "User Administrateur logged into the system", "error": "DB_ERROR: You did not supply a value for binding parameter :error_type."}
{"timestamp": "2025-11-08T09:03:31.555782", "user_id": "admin", "action": "authentication.user_login", "description": "User Administrateur logged into the system", "error": "DB_ERROR: You did not supply a value for binding parameter :error_type."}
{"timestamp": "2025-11-08T09:11:34.857172", "user_id": "admin", "action": "authentication.user_login", "description": "User Administrateur logged into the system", "error": "DB_ERROR: You did not supply a value for binding parameter :error_type."}
{"timestamp": "2025-11-08T10:43:30.533586", "user_id": "admin", "action": "authentication.user_login", "description": "User Administrateur logged into the system", "error": "DB_ERROR: You did not supply a value for binding parameter :error_type."}
{"timestamp": "2025-11-08T10:43:32.214182", "user_id": "admin", "action": "navigation.page_access", "description": "Navigated to syncinspector page", "error": "DB_ERROR: You did not supply a value for binding parameter :error_type."}
{"timestamp": "2025-11-08T10:52:41.032700", "user_id": "admin", "action": "authentication.user_login", "description": "User Administrateur logged into the system", "error": "DB_ERROR: You did not supply a value for binding parameter :error_type."}
{"timestamp": "2025-11-08T10:52:43.087967", "user_id": "admin", "action": "navigation.page_access", "description": "Navigated to syncinspector page", "error": "DB_ERROR: You did not supply a value for binding parameter :error_type."}
{"timestamp": "2025-11-08T10:58:39.369491", "user_id": "admin", "action": "authentication.user_login", "description": "User Administrateur logged into the system", "error": "DB_ERROR: You did not supply a value for binding parameter :error_type."}
{"timestamp": "2025-11-08T10:58:41.289608", "user_id": "admin", "action": "navigation.page_access", "description": "Navigated to syncinspector page", "error": "DB_ERROR: You did not supply a value for binding parameter :error_type."}
{"timestamp": "2025-11-08T11:55:54.230181", "user_id": "admin", "action": "authentication.user_login", "description": "User Administrateur logged into the system", "error": "DB_ERROR: You did not supply a value for binding parameter :error_type."}
{"timestamp": "2025-11-08T11:56:27.430673", "user_id": "admin", "action": "navigation.page_access", "description": "Navigated to syncinspector page", "error": "DB_ERROR: You did not supply a value for binding parameter :error_type."}
{"timestamp": "2025-11-08T16:18:42.187718", "user_id": "admin", "action": "authentication.user_login", "description": "User Administrateur logged into the system", "error": "DB_ERROR: You did not supply a value for binding parameter :error_type."}
{"timestamp": "2025-11-08T16:18:44.851136", "user_id": "admin", "action": "navigation.page_access", "description": "Navigated to syncinspector page", "error": "DB_ERROR: You did not supply a value for binding parameter :error_type."}
{"timestamp": "2025-11-08T16:27:26.953994", "user_id": "admin", "action": "authentication.user_login", "description": "User Administrateur logged into the system", "error": "DB_ERROR: You did not supply a value for binding parameter :error_type."}
{"timestamp": "2025-11-08T16:27:29.015946", "user_id": "admin", "action": "navigation.page_access", "description": "Navigated to syncinspector page", "error": "DB_ERROR: You did not supply a value for binding parameter :error_type."}
{"timestamp": "2025-11-08T20:08:17.596465", "user_id": "admin", "action": "authentication.user_login", "description": "User Administrateur logged into the system", "error": "DB_ERROR: You did not supply a value for binding parameter :error_type."}
{"timestamp": "2025-11-08T20:08:20.254366", "user_id": "admin", "action": "navigation.page_access", "description": "Navigated to syncinspector page", "error": "DB_ERROR: You did not supply a value for binding parameter :error_type."}
{"timestamp": "2025-11-08T20:56:51.247862", "user_id": "admin", "action": "authentication.user_login", "description": "User Administrateur logged into the system", "error": "DB_ERROR: You did not supply a value for binding parameter :error_type."}
{"timestamp": "2025-11-08T21:46:14.605926", "user_id": "admin", "action": "authentication.user_login", "description": "User Administrateur logged into the system", "error": "DB_ERROR: You did not supply a value for binding parameter :error_type."}
{"timestamp": "2025-11-08T21:46:16.992586", "user_id": "admin", "action": "navigation.page_access", "description": "Navigated to syncinspector page", "error": "DB_ERROR: You did not supply a value for binding parameter :error_type."}
{"timestamp": "2025-11-08T22:41:43.270621", "user_id": "admin", "action": "authentication.user_login", "description": "User Administrateur logged into the system", "error": "DB_ERROR: You did not supply a value for binding parameter :error_type."}
{"timestamp": "2025-11-08T22:41:45.271487", "user_id": "admin", "action": "navigation.page_access", "description": "Navigated to syncinspector page", "error": "DB_ERROR: You did not supply a value for binding parameter :error_type."}
{"timestamp": "2025-11-08T23:44:31.572319", "user_id": "admin", "action": "authentication.user_login", "description": "User Administrateur logged into the system", "error": "DB_ERROR: You did not supply a value for binding parameter :error_type."}
{"timestamp": "2025-11-08T23:44:34.015755", "user_id": "admin", "action": "navigation.page_access", "description": "Navigated to syncinspector page", "error": "DB_ERROR: You did not supply a value for binding parameter :error_type."}
{"timestamp": "2025-11-08T23:45:12.641990", "user_id": "admin", "action": "navigation.page_access", "description": "Navigated to syncinspector page", "error": "DB_ERROR: You did not supply a value for binding parameter :error_type."}
{"timestamp": "2025-11-08T23:45:19.645249", "user_id": "admin", "action": "navigation.page_access", "description": "Navigated to vente page", "error": "DB_ERROR: You did not supply a value for binding parameter :error_type."}
{"timestamp": "2025-11-08T23:45:45.531825", "user_id": "admin", "action": "navigation.page_access", "description": "Navigated to facture page", "error": "DB_ERROR: You did not supply a value for binding parameter :error_type."}
{"timestamp": "2025-11-09T17:33:10.988229", "user_id": "admin", "action": "authentication.user_login", "description": "User Administrateur logged into the system", "error": "DB_ERROR: You did not supply a value for binding parameter :error_type."}
{"timestamp": "2025-11-09T17:33:14.136205", "user_id": "admin", "action": "navigation.page_access", "description": "Navigated to syncinspector page", "error": "DB_ERROR: You did not supply a value for binding parameter :error_type."}
{"timestamp": "2025-11-09T17:39:18.251024", "user_id": "admin", "action": "authentication.user_login", "description": "User Administrateur logged into the system", "error": "DB_ERROR: You did not supply a value for binding parameter :error_type."}
{"timestamp": "2025-11-09T17:39:20.750245", "user_id": "admin", "action": "navigation.page_access", "description": "Navigated to syncinspector page", "error": "DB_ERROR: You did not supply a value for binding parameter :error_type."}
{"timestamp": "2025-11-09T17:41:14.503132", "user_id": "admin", "action": "authentication.user_login", "description": "User Administrateur logged into the system", "error": "DB_ERROR: You did not supply a value for binding parameter :error_type."}
{"timestamp": "2025-11-09T18:30:00.729497", "user_id": "admin", "action": "authentication.user_login", "description": "User Administrateur logged into the system", "error": "DB_ERROR: You did not supply a value for binding parameter :error_type."}
{"timestamp": "2025-11-09T18:30:03.478498", "user_id": "admin", "action": "navigation.page_access", "description": "Navigated to vente page", "error": "DB_ERROR: You did not supply a value for binding parameter :error_type."}
{"timestamp": "2025-11-09T18:30:21.992378", "user_id": "admin", "action": "navigation.page_access", "description": "Navigated to facture page", "error": "DB_ERROR: You did not supply a value for binding parameter :error_type."}
{"timestamp": "2025-11-09T18:30:32.475246", "user_id": "admin", "action": "navigation.page_access", "description": "Navigated to achat page", "error": "DB_ERROR: You did not supply a value for binding parameter :error_type."}
{"timestamp": "2025-11-09T18:30:39.025123", "user_id": "admin", "action": "navigation.page_access", "description": "Navigated to facture page", "error": "DB_ERROR: You did not supply a value for binding parameter :error_type."}
{"timestamp": "2025-11-09T18:35:40.240149", "user_id": "admin", "action": "authentication.user_login", "description": "User Administrateur logged into the system", "error": "DB_ERROR: You did not supply a value for binding parameter :error_type."}
{"timestamp": "2025-11-09T18:56:15.688775", "user_id": "admin", "action": "authentication.user_login", "description": "User Administrateur logged into the system", "error": "DB_ERROR: You did not supply a value for binding parameter :error_type."}
{"timestamp": "2025-11-09T18:56:20.013148", "user_id": "admin", "action": "navigation.page_access", "description": "Navigated to achat page", "error": "DB_ERROR: You did not supply a value for binding parameter :error_type."}
{"timestamp": "2025-11-09T18:56:40.902085", "user_id": "admin", "action": "navigation.page_access", "description": "Navigated to ciment page", "error": "DB_ERROR: You did not supply a value for binding parameter :error_type."}
{"timestamp": "2025-11-09T18:56:51.977745", "user_id": "admin", "action": "navigation.page_access", "description": "Navigated to userlog page", "error": "DB_ERROR: You did not supply a value for binding parameter :error_type."}
{"timestamp": "2025-11-09T18:56:54.662017", "user_id": "admin", "action": "navigation.page_access", "description": "Navigated to calendar page", "error": "DB_ERROR: You did not supply a value for binding parameter :error_type."}
{"timestamp": "2025-11-09T19:26:04.571711", "user_id": "admin", "action": "authentication.user_login", "description": "User Administrateur logged into the system", "error": "DB_ERROR: You did not supply a value for binding parameter :error_type."}
{"timestamp": "2025-11-09T19:26:06.607154", "user_id": "admin", "action": "navigation.page_access", "description": "Navigated to calendar page", "error": "DB_ERROR: You did not supply a value for binding parameter :error_type."}
{"timestamp": "2025-11-09T20:08:50.207425", "user_id": "admin", "action": "authentication.user_login", "description": "User Administrateur logged into the system", "error": "DB_ERROR: You did not supply a value for binding parameter :error_type."}
{"timestamp": "2025-11-09T20:08:53.076960", "user_id": "admin", "action": "navigation.page_access", "description": "Navigated to syncinspector page", "error": "DB_ERROR: You did not supply a value for binding parameter :error_type."}
{"timestamp": "2025-11-09T20:09:04.450791", "user_id": "admin", "action": "navigation.page_access", "description": "Navigated to facture page", "error": "DB_ERROR: You did not supply a value for binding parameter :error_type."}
{"timestamp": "2025-11-09T20:09:16.683354", "user_id": "admin", "action": "navigation.page_access", "description": "Navigated to achat page", "error": "DB_ERROR: You did not supply a value for binding parameter :error_type."}
{"timestamp": "2025-11-09T20:16:36.174524", "user_id": "admin", "action": "authentication.user_login", "description": "User Administrateur logged into the system", "error": "DB_ERROR: You did not supply a value for binding parameter :error_type."}
{"timestamp": "2025-11-09T20:16:38.424484", "user_id": "admin", "action": "navigation.page_access", "description": "Navigated to achat page", "error": "DB_ERROR: You did not supply a value for binding parameter :error_type."}
{"timestamp": "2025-11-09T20:54:58.304228", "user_id": "admin", "action": "authentication.user_login", "description": "User Administrateur logged into the system", "error": "DB_ERROR: You did not supply a value for binding parameter :error_type."}
{"timestamp": "2025-11-09T20:55:00.912402", "user_id": "admin", "action": "navigation.page_access", "description": "Navigated to achat page", "error": "DB_ERROR: You did not supply a value for binding parameter :error_type."}
{"timestamp": "2025-11-09T21:05:32.098259", "user_id": "admin", "action": "authentication.user_login", "description": "User Administrateur logged into the system", "error": "DB_ERROR: You did not supply a value for binding parameter :error_type."}
{"timestamp": "2025-11-09T21:05:35.557533", "user_id": "admin", "action": "navigation.page_access", "description": "Navigated to achat page", "error": "DB_ERROR: You did not supply a value for binding parameter :error_type."}
{"timestamp": "2025-11-09T21:05:52.936656", "user_id": "admin", "action": "navigation.page_access", "description": "Navigated to bank page", "error": "DB_ERROR: You did not supply a value for binding parameter :error_type."}
{"timestamp": "2025-11-09T21:26:29.941612", "user_id": "admin", "action": "authentication.user_login", "description": "User Administrateur logged into the system", "error": "DB_ERROR: You did not supply a value for binding parameter :error_type."}
{"timestamp": "2025-11-09T21:26:32.393142", "user_id": "admin", "action": "navigation.page_access", "description": "Navigated to achat page", "error": "DB_ERROR: You did not supply a value for binding parameter :error_type."}
{"timestamp": "2025-11-09T21:30:21.572454", "user_id": "admin", "action": "authentication.user_login", "description": "User Administrateur logged into the system", "error": "DB_ERROR: You did not supply a value for binding parameter :error_type."}
{"timestamp": "2025-11-09T21:30:25.518261", "user_id": "admin", "action": "navigation.page_access", "description": "Navigated to achat page", "error": "DB_ERROR: You did not supply a value for binding parameter :error_type."}
{"timestamp": "2025-11-09T21:40:18.047191", "user_id": "admin", "action": "authentication.user_login", "description": "User Administrateur logged into the system", "error": "DB_ERROR: You did not supply a value for binding parameter :error_type."}
{"timestamp": "2025-11-09T21:40:20.086482", "user_id": "admin", "action": "navigation.page_access", "description": "Navigated to achat page", "error": "DB_ERROR: You did not supply a value for binding parameter :error_type."}
{"timestamp": "2025-11-09T21:41:09.853080", "user_id": "admin", "action": "authentication.user_login", "description": "User Administrateur logged into the system", "error": "DB_ERROR: You did not supply a value for binding parameter :error_type."}
{"timestamp": "2025-11-09T21:41:16.753176", "user_id": "admin", "action": "navigation.page_access", "description": "Navigated to achat page", "error": "DB_ERROR: You did not supply a value for binding parameter :error_type."}
{"timestamp": "2025-11-09T21:47:41.620900", "user_id": "admin", "action": "authentication.user_login", "description": "User Administrateur logged into the system", "error": "DB_ERROR: You did not supply a value for binding parameter :error_type."}
{"timestamp": "2025-11-09T21:47:44.393004", "user_id": "admin", "action": "navigation.page_access", "description": "Navigated to achat page", "error": "DB_ERROR: You did not supply a value for binding parameter :error_type."}
{"timestamp": "2025-11-09T21:49:09.334611", "user_id": "admin", "action": "authentication.user_login", "description": "User Administrateur logged into the system", "error": "DB_ERROR: You did not supply a value for binding parameter :error_type."}
{"timestamp": "2025-11-09T21:49:11.421135", "user_id": "admin", "action": "navigation.page_access", "description": "Navigated to achat page", "error": "DB_ERROR: You did not supply a value for binding parameter :error_type."}
{"timestamp": "2025-11-09T22:00:54.856655", "user_id": "admin", "action": "authentication.user_login", "description": "User Administrateur logged into the system", "error": "DB_ERROR: You did not supply a value for binding parameter :error_type."}
{"timestamp": "2025-11-09T22:00:59.055924", "user_id": "admin", "action": "navigation.page_access", "description": "Navigated to achat page", "error": "DB_ERROR: You did not supply a value for binding parameter :error_type."}
{"timestamp": "2025-11-09T22:01:18.686321", "user_id": "admin", "action": "navigation.page_access", "description": "Navigated to retenu page", "error": "DB_ERROR: You did not supply a value for binding parameter :error_type."}
{"timestamp": "2025-11-09T22:01:22.610973", "user_id": "admin", "action": "navigation.page_access", "description": "Navigated to caisse page", "error": "DB_ERROR: You did not supply a value for binding parameter :error_type."}
{"timestamp": "2025-11-09T22:01:32.996039", "user_id": "admin", "action": "navigation.page_access", "description": "Navigated to cheque page", "error": "DB_ERROR: You did not supply a value for binding parameter :error_type."}
{"timestamp": "2025-11-09T22:01:37.735871", "user_id": "admin", "action": "navigation.page_access", "description": "Navigated to settings page from cheque", "error": "DB_ERROR: You did not supply a value for binding parameter :error_type."}
{"timestamp": "2025-11-09T22:01:43.966972", "user_id": "admin", "action": "navigation.page_access", "description": "Navigated to usermanagement page", "error": "DB_ERROR: You did not supply a value for binding parameter :error_type."}
{"timestamp": "2025-11-09T22:07:41.257101", "user_id": "admin", "action": "authentication.user_login", "description": "User Administrateur logged into the system", "error": "DB_ERROR: You did not supply a value for binding parameter :error_type."}
{"timestamp": "2025-11-09T22:07:43.371462", "user_id": "admin", "action": "navigation.page_access", "description": "Navigated to syncinspector page", "error": "DB_ERROR: You did not supply a value for binding parameter :error_type."}
{"timestamp": "2025-11-09T22:08:42.141863", "user_id": "admin", "action": "authentication.user_login", "description": "User Administrateur logged into the system", "error": "DB_ERROR: You did not supply a value for binding parameter :error_type."}
{"timestamp": "2025-11-09T22:08:44.674548", "user_id": "admin", "action": "navigation.page_access", "description": "Navigated to syncinspector page", "error": "DB_ERROR: You did not supply a value for binding parameter :error_type."}
{"timestamp": "2025-11-09T23:02:40.040654", "user_id": "admin", "action": "authentication.user_login", "description": "User Administrateur logged into the system", "error": "DB_ERROR: You did not supply a value for binding parameter :error_type."}
{"timestamp": "2025-11-09T23:02:45.643171", "user_id": "admin", "action": "navigation.page_access", "description": "Navigated to voiture page", "error": "DB_ERROR: You did not supply a value for binding parameter :error_type."}
{"timestamp": "2025-11-09T23:04:50.591659", "user_id": "admin", "action": "navigation.page_access", "description": "Navigated to permissionmanagement page", "error": "DB_ERROR: You did not supply a value for binding parameter :error_type."}
{"timestamp": "2025-11-09T23:22:11.097576", "user_id": "admin", "action": "authentication.user_login", "description": "User Administrateur logged into the system", "error": "DB_ERROR: You did not supply a value for binding parameter :error_type."}
{"timestamp": "2025-11-09T23:22:13.906371", "user_id": "admin", "action": "navigation.page_access", "description": "Navigated to usermanagement page", "error": "DB_ERROR: You did not supply a value for binding parameter :error_type."}
{"timestamp": "2025-11-10T00:12:37.944269", "user_id": "admin", "action": "authentication.user_login", "description": "User Administrateur logged into the system", "error": "DB_ERROR: You did not supply a value for binding parameter :error_type."}
{"timestamp": "2025-11-10T00:12:39.895815", "user_id": "admin", "action": "navigation.page_access", "description": "Navigated to syncinspector page", "error": "DB_ERROR: You did not supply a value for binding parameter :error_type."}
{"timestamp": "2025-11-10T00:17:09.144154", "user_id": "admin", "action": "authentication.user_login", "description": "User Administrateur logged into the system", "error": "DB_ERROR: You did not supply a value for binding parameter :error_type."}
{"timestamp": "2025-11-10T00:17:10.974124", "user_id": "admin", "action": "navigation.page_access", "description": "Navigated to syncinspector page", "error": "DB_ERROR: You did not supply a value for binding parameter :error_type."}
{"timestamp": "2025-11-10T00:32:03.083278", "user_id": "admin", "action": "authentication.user_login", "description": "User Administrateur logged into the system", "error": "DB_ERROR: You did not supply a value for binding parameter :error_type."}
{"timestamp": "2025-11-10T00:32:06.118413", "user_id": "admin", "action": "navigation.page_access", "description": "Navigated to syncinspector page", "error": "DB_ERROR: You did not supply a value for binding parameter :error_type."}
{"timestamp": "2025-11-18T10:51:20.529824", "user_id": "admin", "action": "authentication.user_login", "description": "User Administrateur logged into the system", "error": "DB_ERROR: You did not supply a value for binding parameter :error_type."}
{"timestamp": "2025-11-18T10:51:22.458459", "user_id": "admin", "action": "navigation.page_access", "description": "Navigated to syncinspector page", "error": "DB_ERROR: You did not supply a value for binding parameter :error_type."}
{"timestamp": "2025-11-18T10:51:48.047292", "user_id": "admin", "action": "navigation.page_access", "description": "Navigated to syncinspector page", "error": "DB_ERROR: You did not supply a value for binding parameter :error_type."}
{"timestamp": "2025-11-18T11:04:35.847585", "user_id": "admin", "action": "authentication.user_login", "description": "User Administrateur logged into the system", "error": "DB_ERROR: You did not supply a value for binding parameter :error_type."}
{"timestamp": "2025-11-18T11:04:39.950025", "user_id": "admin", "action": "navigation.page_access", "description": "Navigated to syncinspector page", "error": "DB_ERROR: You did not supply a value for binding parameter :error_type."}
{"timestamp": "2025-11-18T11:04:53.604335", "user_id": "admin", "action": "navigation.page_access", "description": "Navigated to sync page", "error": "DB_ERROR: You did not supply a value for binding parameter :error_type."}
{"timestamp": "2025-11-18T11:04:57.269516", "user_id": "admin", "action": "navigation.page_access", "description": "Navigated to syncinspector page", "error": "DB_ERROR: You did not supply a value for binding parameter :error_type."}
{"timestamp": "2025-11-18T11:05:22.979287", "user_id": "admin", "action": "navigation.page_access", "description": "Navigated to syncinspector page", "error": "DB_ERROR: You did not supply a value for binding parameter :error_type."}
{"timestamp": "2025-11-18T11:11:02.478759", "user_id": "admin", "action": "authentication.user_login", "description": "User Administrateur logged into the system", "error": "DB_ERROR: You did not supply a value for binding parameter :error_type."}
{"timestamp": "2025-11-18T11:11:05.167985", "user_id": "admin", "action": "navigation.page_access", "description": "Navigated to syncinspector page", "error": "DB_ERROR: You did not supply a value for binding parameter :error_type."}
{"timestamp": "2025-11-18T11:23:25.951909", "user_id": "admin", "action": "authentication.user_login", "description": "User Administrateur logged into the system", "error": "DB_ERROR: You did not supply a value for binding parameter :error_type."}
{"timestamp": "2025-11-18T11:23:28.440182", "user_id": "admin", "action": "navigation.page_access", "description": "Navigated to syncinspector page", "error": "DB_ERROR: You did not supply a value for binding parameter :error_type."}
{"timestamp": "2025-11-18T11:34:26.053355", "user_id": "admin", "action": "authentication.user_login", "description": "User Administrateur logged into the system", "error": "DB_ERROR: You did not supply a value for binding parameter :error_type."}
{"timestamp": "2025-11-18T11:35:42.538223", "user_id": "admin", "action": "navigation.page_access", "description": "Navigated to syncinspector page", "error": "DB_ERROR: You did not supply a value for binding parameter :error_type."}
{"timestamp": "2025-11-18T11:42:28.218715", "user_id": "admin", "action": "navigation.page_access", "description": "Navigated to syncinspector page", "error": "DB_ERROR: You did not supply a value for binding parameter :error_type."}
{"timestamp": "2025-11-18T12:12:13.673727", "user_id": "admin", "action": "authentication.user_login", "description": "User Administrateur logged into the system", "error": "DB_ERROR: You did not supply a value for binding parameter :error_type."}
{"timestamp": "2025-11-18T12:12:27.648028", "user_id": "admin", "action": "navigation.page_access", "description": "Navigated to syncinspector page", "error": "DB_ERROR: You did not supply a value for binding parameter :error_type."}
{"timestamp": "2025-11-18T12:12:52.498126", "user_id": "admin", "action": "navigation.page_access", "description": "Navigated to syncinspector page", "error": "DB_ERROR: You did not supply a value for binding parameter :error_type."}
{"timestamp": "2025-11-18T12:13:14.362866", "user_id": "admin", "action": "navigation.page_access", "description": "Navigated to sync page", "error": "DB_ERROR: You did not supply a value for binding parameter :error_type."}
{"timestamp": "2025-11-18T12:13:21.434551", "user_id": "admin", "action": "navigation.page_access", "description": "Navigated to syncinspector page", "error": "DB_ERROR: You did not supply a value for binding parameter :error_type."}
{"timestamp": "2025-11-18T12:15:11.144759", "user_id": "admin", "action": "authentication.user_login", "description": "User Administrateur logged into the system", "error": "DB_ERROR: You did not supply a value for binding parameter :error_type."}
{"timestamp": "2025-11-18T12:15:13.596187", "user_id": "admin", "action": "navigation.page_access", "description": "Navigated to syncinspector page", "error": "DB_ERROR: You did not supply a value for binding parameter :error_type."}
{"timestamp": "2025-11-18T12:21:25.427315", "user_id": "admin", "action": "authentication.user_login", "description": "User Administrateur logged into the system", "error": "DB_ERROR: You did not supply a value for binding parameter :error_type."}
{"timestamp": "2025-11-18T12:21:28.623691", "user_id": "admin", "action": "navigation.page_access", "description": "Navigated to syncinspector page", "error": "DB_ERROR: You did not supply a value for binding parameter :error_type."}
{"timestamp": "2025-11-18T12:21:39.043923", "user_id": "admin", "action": "navigation.page_access", "description": "Navigated to sync page", "error": "DB_ERROR: You did not supply a value for binding parameter :error_type."}
{"timestamp": "2025-11-18T12:21:56.796139", "user_id": "admin", "action": "navigation.page_access", "description": "Navigated to syncinspector page", "error": "DB_ERROR: You did not supply a value for binding parameter :error_type."}
{"timestamp": "2025-11-18T13:41:51.513866", "user_id": "admin", "action": "authentication.user_login", "description": "User Administrateur logged into the system", "error": "DB_ERROR: You did not supply a value for binding parameter :error_type."}
{"timestamp": "2025-11-18T13:41:53.496859", "user_id": "admin", "action": "navigation.page_access", "description": "Navigated to syncinspector page", "error": "DB_ERROR: You did not supply a value for binding parameter :error_type."}
{"timestamp": "2025-11-18T13:57:45.286384", "user_id": "admin", "action": "authentication.user_login", "description": "User Administrateur logged into the system", "error": "DB_ERROR: You did not supply a value for binding parameter :error_type."}
{"timestamp": "2025-11-18T13:57:55.642251", "user_id": "admin", "action": "navigation.page_access", "description": "Navigated to syncinspector page", "error": "DB_ERROR: You did not supply a value for binding parameter :error_type."}
{"timestamp": "2025-11-18T14:01:32.992218", "user_id": "admin", "action": "authentication.user_login", "description": "User Administrateur logged into the system", "error": "DB_ERROR: You did not supply a value for binding parameter :error_type."}
{"timestamp": "2025-11-18T14:01:35.118657", "user_id": "admin", "action": "navigation.page_access", "description": "Navigated to syncinspector page", "error": "DB_ERROR: You did not supply a value for binding parameter :error_type."}
{"timestamp": "2025-11-18T14:08:14.848773", "user_id": "admin", "action": "authentication.user_login", "description": "User Administrateur logged into the system", "error": "DB_ERROR: You did not supply a value for binding parameter :error_type."}
{"timestamp": "2025-11-18T14:08:19.965315", "user_id": "admin", "action": "navigation.page_access", "description": "Navigated to syncinspector page", "error": "DB_ERROR: You did not supply a value for binding parameter :error_type."}
{"timestamp": "2025-11-20T15:07:15.116449", "user_id": "admin", "action": "authentication.user_login", "description": "User Administrateur logged into the system", "error": "DB_ERROR: You did not supply a value for binding parameter :error_type."}
{"timestamp": "2025-11-20T15:07:18.181477", "user_id": "admin", "action": "navigation.page_access", "description": "Navigated to syncinspector page", "error": "DB_ERROR: You did not supply a value for binding parameter :error_type."}
{"timestamp": "2025-11-23T16:14:51.680593", "user_id": "admin", "action": "authentication.user_login", "description": "User Administrateur logged into the system", "error": "DB_ERROR: You did not supply a value for binding parameter :error_type."}
{"timestamp": "2025-11-23T16:14:58.742300", "user_id": "admin", "action": "navigation.page_access", "description": "Navigated to syncinspector page", "error": "DB_ERROR: You did not supply a value for binding parameter :error_type."}
{"timestamp": "2025-11-24T16:56:32.897406", "user_id": "admin", "action": "authentication.user_login", "description": "User Administrateur logged into the system", "error": "DB_ERROR: You did not supply a value for binding parameter :error_type."}
{"timestamp": "2025-11-24T16:56:35.088603", "user_id": "admin", "action": "navigation.page_access", "description": "Navigated to syncinspector page", "error": "DB_ERROR: You did not supply a value for binding parameter :error_type."}
{"timestamp": "2025-11-24T16:59:46.098039", "user_id": "admin", "action": "authentication.user_login", "description": "User Administrateur logged into the system", "error": "DB_ERROR: You did not supply a value for binding parameter :error_type."}
{"timestamp": "2025-11-24T17:01:38.203932", "user_id": "admin", "action": "navigation.page_access", "description": "Navigated to syncinspector page", "error": "DB_ERROR: You did not supply a value for binding parameter :error_type."}
{"timestamp": "2025-11-24T17:39:41.832623", "user_id": "admin", "action": "authentication.user_login", "description": "User Administrateur logged into the system", "error": "DB_ERROR: You did not supply a value for binding parameter :error_type."}
{"timestamp": "2025-11-24T17:39:44.269391", "user_id": "admin", "action": "navigation.page_access", "description": "Navigated to syncinspector page", "error": "DB_ERROR: You did not supply a value for binding parameter :error_type."}
{"timestamp": "2025-11-29T08:43:13.217888", "user_id": "admin", "action": "authentication.user_login", "description": "User Administrateur logged into the system", "error": "DB_ERROR: You did not supply a value for binding parameter :error_type."}
{"timestamp": "2025-12-02T21:41:07.942504", "user_id": "admin", "action": "authentication.user_login", "description": "User Administrateur logged into the system", "error": "DB_ERROR: You did not supply a value for binding parameter :error_type."}
{"timestamp": "2025-12-02T21:41:10.447142", "user_id": "admin", "action": "navigation.page_access", "description": "Navigated to vente page", "error": "DB_ERROR: You did not supply a value for binding parameter :error_type."}
{"timestamp": "2025-12-02T21:46:16.796099", "user_id": "admin", "action": "authentication.user_login", "description": "User Administrateur logged into the system", "error": "DB_ERROR: You did not supply a value for binding parameter :error_type."}
{"timestamp": "2025-12-02T21:46:22.985315", "user_id": "admin", "action": "navigation.page_access", "description": "Navigated to vente page", "error": "DB_ERROR: You did not supply a value for binding parameter :error_type."}
{"timestamp": "2025-12-02T21:47:14.340617", "user_id": "admin", "action": "navigation.page_access", "description": "Navigated to vente page", "error": "DB_ERROR: You did not supply a value for binding parameter :error_type."}
{"timestamp": "2025-12-02T22:42:02.321976", "user_id": "admin", "action": "authentication.user_login", "description": "User Administrateur logged into the system", "error": "DB_ERROR: You did not supply a value for binding parameter :error_type."}
{"timestamp": "2025-12-02T22:42:04.595842", "user_id": "admin", "action": "navigation.page_access", "description": "Navigated to vente page", "error": "DB_ERROR: You did not supply a value for binding parameter :error_type."}
{"timestamp": "2025-12-02T22:43:27.609363", "user_id": "admin", "action": "navigation.page_access", "description": "Navigated to vente page", "error": "DB_ERROR: You did not supply a value for binding parameter :error_type."}
{"timestamp": "2025-12-02T22:45:06.165977", "user_id": "admin", "action": "navigation.page_access", "description": "Navigated to vente page", "error": "DB_ERROR: You did not supply a value for binding parameter :error_type."}
{"timestamp": "2025-12-02T22:48:02.923302", "user_id": "admin", "action": "authentication.user_login", "description": "User Administrateur logged into the system", "error": "DB_ERROR: You did not supply a value for binding parameter :error_type."}
{"timestamp": "2025-12-02T22:48:09.736548", "user_id": "admin", "action": "navigation.page_access", "description": "Navigated to vente page", "error": "DB_ERROR: You did not supply a value for binding parameter :error_type."}
{"timestamp": "2025-12-04T23:57:48.241720", "user_id": "admin", "action": "authentication.user_login", "description": "User Administrateur logged into the system", "error": "DB_ERROR: You did not supply a value for binding parameter :error_type."}
{"timestamp": "2025-12-04T23:57:51.499463", "user_id": "admin", "action": "navigation.page_access", "description": "Navigated to vente page", "error": "DB_ERROR: You did not supply a value for binding parameter :error_type."}
{"timestamp": "2025-12-05T00:01:22.443001", "user_id": "admin", "action": "navigation.page_access", "description": "Navigated to vente page", "error": "DB_ERROR: You did not supply a value for binding parameter :error_type."}
{"timestamp": "2025-12-05T00:08:16.288055", "user_id": "admin", "action": "navigation.page_access", "description": "Navigated to facture page", "error": "DB_ERROR: You did not supply a value for binding parameter :error_type."}
{"timestamp": "2025-12-05T00:10:16.314629", "user_id": "admin", "action": "navigation.page_access", "description": "Navigated to vente page", "error": "DB_ERROR: You did not supply a value for binding parameter :error_type."}
{"timestamp": "2025-12-05T00:13:06.084225", "user_id": "admin", "action": "navigation.page_access", "description": "Navigated to vente page", "error": "DB_ERROR: You did not supply a value for binding parameter :error_type."}
{"timestamp": "2025-12-05T00:51:37.831263", "user_id": "admin", "action": "authentication.user_login", "description": "User Administrateur logged into the system", "error": "DB_ERROR: You did not supply a value for binding parameter :error_type."}
{"timestamp": "2025-12-05T00:51:41.579905", "user_id": "admin", "action": "navigation.page_access", "description": "Navigated to vente page", "error": "DB_ERROR: You did not supply a value for binding parameter :error_type."}
{"timestamp": "2025-12-05T00:54:25.202859", "user_id": "admin", "action": "navigation.page_access", "description": "Navigated to vente page", "error": "DB_ERROR: You did not supply a value for binding parameter :error_type."}
{"timestamp": "2025-12-05T00:56:17.994211", "user_id": "admin", "action": "navigation.page_access", "description": "Navigated to vente page", "error": "DB_ERROR: You did not supply a value for binding parameter :error_type."}
{"timestamp": "2025-12-05T01:10:33.638322", "user_id": "admin", "action": "navigation.page_access", "description": "Navigated to vente page", "error": "DB_ERROR: You did not supply a value for binding parameter :error_type."}
{"timestamp": "2025-12-05T01:10:58.732558", "user_id": "admin", "action": "navigation.page_access", "description": "Navigated to vente page", "error": "DB_ERROR: You did not supply a value for binding parameter :error_type."}
{"timestamp": "2025-12-05T01:11:33.212331", "user_id": "admin", "action": "navigation.page_access", "description": "Navigated to vente page", "error": "DB_ERROR: You did not supply a value for binding parameter :error_type."}
{"timestamp": "2025-12-05T01:12:42.676750", "user_id": "admin", "action": "navigation.page_access", "description": "Navigated to vente page", "error": "DB_ERROR: You did not supply a value for binding parameter :error_type."}
{"timestamp": "2025-12-05T01:14:02.468359", "user_id": "admin", "action": "authentication.user_login", "description": "User Administrateur logged into the system", "error": "DB_ERROR: You did not supply a value for binding parameter :error_type."}
{"timestamp": "2025-12-05T01:14:09.163091", "user_id": "admin", "action": "navigation.page_access", "description": "Navigated to vente page", "error": "DB_ERROR: You did not supply a value for binding parameter :error_type."}
{"timestamp": "2025-12-06T11:28:44.955708", "user_id": "admin", "action": "authentication.user_login", "description": "User Administrateur logged into the system", "error": "DB_ERROR: You did not supply a value for binding parameter :error_type."}
{"timestamp": "2025-12-06T11:28:49.219839", "user_id": "admin", "action": "navigation.page_access", "description": "Navigated to facture page", "error": "DB_ERROR: You did not supply a value for binding parameter :error_type."}
{"timestamp": "2025-12-06T11:30:34.378981", "user_id": "admin", "action": "navigation.page_access", "description": "Navigated to vente page", "error": "DB_ERROR: You did not supply a value for binding parameter :error_type."}
{"timestamp": "2025-12-06T11:34:31.412378", "user_id": "admin", "action": "navigation.page_access", "description": "Navigated to achat page", "error": "DB_ERROR: You did not supply a value for binding parameter :error_type."}
{"timestamp": "2025-12-06T11:34:53.779802", "user_id": "admin", "action": "navigation.page_access", "description": "Navigated to bank page", "error": "DB_ERROR: You did not supply a value for binding parameter :error_type."}
{"timestamp": "2025-12-06T11:40:20.091402", "user_id": "admin", "action": "navigation.page_access", "description": "Navigated to calendar page", "error": "DB_ERROR: You did not supply a value for binding parameter :error_type."}
{"timestamp": "2025-12-06T11:40:41.861335", "user_id": "admin", "action": "navigation.page_access", "description": "Navigated to voiture page", "error": "DB_ERROR: You did not supply a value for binding parameter :error_type."}
{"timestamp": "2025-12-06T11:46:21.034393", "user_id": "admin", "action": "navigation.page_access", "description": "Navigated to voiture page", "error": "DB_ERROR: You did not supply a value for binding parameter :error_type."}
{"timestamp": "2025-12-06T11:46:24.346343", "user_id": "admin", "action": "navigation.page_access", "description": "Navigated to calendar page", "error": "DB_ERROR: You did not supply a value for binding parameter :error_type."}
